activity,integration_id,count
2TR Football,getactive-london,6
50+ Exercise,getactive-london,140
50+ Exercise,opensessions,2
Ab Attack,getactive-london,18
Abs Blast,gladstone-newham,7
"Abs, Bums & Thighs  (ABT)",ourparks,1491
Abseiling,getactive-london,1
Acrobatic Gymnastics,getactive-london,12
Acrobatic Rock and Roll,getactive-london,1
Acrobatics,getactive-hampshire-and-isle-of-wight-spreadsheet,1
Acrobatics,getactive-london,9
Active Pump,getactive-london,6
adventure play grounds,getactive-london,1
Aerial Dance,getactive-london,1
Aerobics,getactive-essex-spreadsheet,8
Aerobics,getactive-london,243
Aerobics,girls-move-london-spreadsheet,3
Aerobics,gloucestershire-spreadsheet,1
Aerobics,opensessions,1
"Aerobics, Circuit Training, Gym",getactive-essex-spreadsheet,6
"Aerobics, Keep Fit, Martial Arts, Karate",getactive-essex-spreadsheet,1
"Aerobics, Yoga, Gym, Yoga, Boxing",getactive-essex-spreadsheet,1
AfroBics,ourparks,48
Agility Circuit,ourparks,2
Aikido,getactive-hampshire-and-isle-of-wight-spreadsheet,3
Aikido,getactive-london,40
Aikido,opensessions,4
Aiki Jutsu,getactive-london,3
Aikikai Aikido,opensessions,1
American football,girls-move-london-spreadsheet,1
American Football,getactive-hampshire-and-isle-of-wight-spreadsheet,1
American Football,getactive-london,17
American Football,girls-move-london-spreadsheet,1
"American Football, American Football",getactive-essex-spreadsheet,3
Angling,getactive-essex-spreadsheet,11
Angling,getactive-hampshire-and-isle-of-wight-spreadsheet,4
Angling,getactive-london,18
Angling,gloucestershire-spreadsheet,2
"Angling, Coarse Fishing",getactive-hampshire-and-isle-of-wight-spreadsheet,1
Animal Movement,getactive-london,2
Antenatal class,girls-move-london-spreadsheet,2
Antenatal classes - movement-based Active Birth...,getactive-london,6
Aqua,getactive-london,8
Aqua Aerobics,getactive-london,107
Aqua Aerobics,girls-move-london-spreadsheet,4
Aqua (Custom),iwillifyouwill,1
Aqua Natal,getactive-london,1
Aquathlon,getactive-london,3
Aquatics,getactive-essex-spreadsheet,18
Aquatics,getactive-london,5
Aquatic Sports,opensessions,1
Archery,getactive-essex-spreadsheet,4
Archery,getactive-hampshire-and-isle-of-wight-spreadsheet,16
Archery,getactive-london,68
Archery,gloucestershire-spreadsheet,2
Archery,opensessions,1
"Archery, Archery",getactive-essex-spreadsheet,22
"Archery, Table Tennis",gloucestershire-spreadsheet,1
Art,getactive-london,2
AthleFIT,opensessions,1
Athletfit,ourparks,4
Athletics,getactive-essex-spreadsheet,38
Athletics,getactive-hampshire-and-isle-of-wight-spreadsheet,10
Athletics,getactive-london,298
Athletics,gloucestershire-spreadsheet,4
Athletics,opensessions,2
Athletics and Cross Country Running,getactive-london,2
"Athletics, Athletics Sports Hall, Fitness",getactive-hampshire-and-isle-of-wight-spreadsheet,1
"Athletics, Athletics Sports Hall, Kidz Fitness",getactive-essex-spreadsheet,1
"Athletics, Running",gloucestershire-spreadsheet,2
"Athletics, Running, Triathlon",gloucestershire-spreadsheet,1
Athletics Sports Hall,getactive-london,2
Athletics: Track and Field,getactive-london,4
Auditions/Training,ourparks,2
Australian Rules Football,getactive-london,2
Australian Rules Football,opensessions,1
Baby Yoga,ourparks,4
Back to Exercise,ourparks,293
Badminton,getactive-essex-spreadsheet,43
Badminton,getactive-hampshire-and-isle-of-wight-spreadsheet,65
Badminton,getactive-london,1455
Badminton,girls-move-london-spreadsheet,4
Badminton,gladstone-newham,3
Badminton,gloucestershire-spreadsheet,7
Badminton,opensessions,13
Badminton,ourparks,1
Badminton ,opensessions,2
"Badminton, Disability Multi Sports",getactive-hampshire-and-isle-of-wight-spreadsheet,1
"Badminton, Disability Sports",getactive-hampshire-and-isle-of-wight-spreadsheet,1
Badmiton,girls-move-london-spreadsheet,1
Bagot Stack,getactive-london,3
Balance,getactive-london,7
Ballet,getactive-london,43
"Ballet, Gymnastics, Pilates",getactive-hampshire-and-isle-of-wight-spreadsheet,1
Ballroom Dancing,getactive-london,18
"Ballroom Dancing, Latin Dance",getactive-essex-spreadsheet,1
"Ballroom Dancing, Street Dance, Ballet",getactive-essex-spreadsheet,1
Baseball,getactive-essex-spreadsheet,2
Baseball,getactive-hampshire-and-isle-of-wight-spreadsheet,3
Baseball,getactive-london,19
Baseball,opensessions,1
"Baseball, Softball",getactive-hampshire-and-isle-of-wight-spreadsheet,1
Basketball,getactive-essex-spreadsheet,32
Basketball,getactive-hampshire-and-isle-of-wight-spreadsheet,12
Basketball,getactive-london,285
Basketball,girls-move-london-spreadsheet,13
Basketball,gloucestershire-spreadsheet,5
Basketball,opensessions,24
"Basketball, Badminton, Football",getactive-essex-spreadsheet,1
Basketball Fit,ourparks,40
Basketball (Girls),getactive-london,3
Beach Tennis,getactive-london,1
Beach Volleyball,getactive-london,3
Beginners Yoga,ourparks,12
Belly Dancing,getactive-london,23
Bhangra,getactive-london,4
Bhangra,gladstone-newham,1
bike riding,getactive-london,1
Biodanza,getactive-london,2
BMX,getactive-hampshire-and-isle-of-wight-spreadsheet,1
BMX,getactive-london,29
BMX,girls-move-london-spreadsheet,1
"BMX, Trials Cycling, Dirt Jumping",getactive-essex-spreadsheet,1
Boating,getactive-london,10
Boccia,getactive-essex-spreadsheet,2
Boccia,getactive-london,21
Boccia,gloucestershire-spreadsheet,1
Boccia,opensessions,1
"Boccia, Boccia",getactive-essex-spreadsheet,1
Body Attack,getactive-london,29
Body Balance,getactive-london,30
Body Blast,getactive-london,43
Bodybuilding,getactive-london,4
Body Combat,getactive-london,9
Body Conditioning,getactive-london,84
Body Pump,getactive-london,71
Body Pump Freestyle,ourparks,3
Body Sculpt,getactive-london,17
Body Step,getactive-london,26
Bodyweight Exercise,getactive-london,11
Bokwa,getactive-london,5
Bollywood Dance,getactive-london,11
Bootcamp,ourparks,2168
Bootcamp ,opensessions,1
Boot Camp,getactive-essex-spreadsheet,1
Boot Camp,getactive-hampshire-and-isle-of-wight-spreadsheet,1
Boot Camp,getactive-london,79
"Boot Camp, Boot Camp, Boot Camp",getactive-essex-spreadsheet,14
"Boot Camp, Boot Camp, Boot Camp, Personal Training",getactive-essex-spreadsheet,1
"Boot Camp, Keep Fit, Outdoor Fitness",getactive-hampshire-and-isle-of-wight-spreadsheet,1
Bouldering,getactive-london,3
Boules,getactive-london,1
Bowling,getactive-essex-spreadsheet,12
Bowling,getactive-london,13
Bowling,opensessions,1
Bowling Sports,getactive-essex-spreadsheet,1
Bowling Sports,getactive-london,17
"Bowling Sports, Bowls",getactive-essex-spreadsheet,1
"Bowling Sports, Bowls Outdoor, Bowls",getactive-hampshire-and-isle-of-wight-spreadsheet,1
Bowls,getactive-essex-spreadsheet,106
Bowls,getactive-hampshire-and-isle-of-wight-spreadsheet,39
Bowls,getactive-london,222
Bowls,gloucestershire-spreadsheet,3
Bowls,opensessions,6
"Bowls, Bowls",getactive-essex-spreadsheet,1
"Bowls, Bowls (Indoor)",getactive-essex-spreadsheet,2
"Bowls, Bowls (Indoor)",getactive-hampshire-and-isle-of-wight-spreadsheet,1
"Bowls, Bowls (Indoor), Bowls (Indoor)",getactive-hampshire-and-isle-of-wight-spreadsheet,1
Bowls (Indoor),getactive-essex-spreadsheet,1
Bowls (Indoor),getactive-london,14
Bowls Outdoor,getactive-essex-spreadsheet,4
Bowls Outdoor,getactive-hampshire-and-isle-of-wight-spreadsheet,1
Bowls Outdoor,getactive-london,5
"Bowls Outdoor, Bowls",getactive-essex-spreadsheet,4
Bowls Outdoors,getactive-london,1
"Bowls Outdoors, Bowls Outdoor, Bowls",getactive-essex-spreadsheet,1
Boxercise,getactive-essex-spreadsheet,1
Boxercise,getactive-hampshire-and-isle-of-wight-spreadsheet,1
Boxercise,getactive-london,63
Boxercise,opensessions,1
box fit,opensessions,1
Boxfit,getactive-london,40
Boxfit,girls-move-london-spreadsheet,1
Boxfit,gladstone-newham,7
Box Fit,ourparks,1450
boxing,getactive-london,2
Boxing,getactive-essex-spreadsheet,14
Boxing,getactive-hampshire-and-isle-of-wight-spreadsheet,9
Boxing,getactive-london,198
Boxing,girls-move-london-spreadsheet,1
Boxing,opensessions,2
Boxing ,opensessions,2
Boxing Circuits,getactive-london,41
"Boxing Circuits, Boxing, Boxercise, Boxfit",getactive-hampshire-and-isle-of-wight-spreadsheet,1
"Boxing, Taekwondo",gloucestershire-spreadsheet,1
Boxing Yoga,ourparks,131
Brazilian Dance,ourparks,63
Brazilian Forro,getactive-london,3
Brazilian Jiu Jitsu,getactive-essex-spreadsheet,1
Brazilian Jiu Jitsu,getactive-london,7
Brazilian Jiu Jitsu (martial art,girls-move-london-spreadsheet,1
Brazilian Zouk,getactive-london,1
Bridge,getactive-london,6
Buggy Bootcamp,opensessions,1
Buggy Exercise,ourparks,229
Buggy Fitness,opensessions,3
Buggy Fitness/Bootcamp,getactive-essex-spreadsheet,2
Buggy Fitness/Bootcamp,getactive-london,1
Buggy Workout,getactive-essex-spreadsheet,1
Buggy Workout,getactive-london,3
"Buggy Workout, Buggy Fitness/Bootcamp",getactive-essex-spreadsheet,1
Bums & Abs,getactive-london,20
"Bums, Tums, Thighs",gladstone-newham,8
Calisthenics,getactive-london,2
Camogie,getactive-london,2
canoeing,getactive-london,2
Canoeing,getactive-hampshire-and-isle-of-wight-spreadsheet,11
Canoeing,getactive-london,62
"Canoeing, Canoeing",getactive-essex-spreadsheet,8
"Canoeing, Canoeing, Kayaking",getactive-essex-spreadsheet,1
"Canoeing, Kayaking",getactive-hampshire-and-isle-of-wight-spreadsheet,1
"Canoeing, Kayaking",gloucestershire-spreadsheet,1
"Canoeing, Kayaking, Disability Sports",getactive-hampshire-and-isle-of-wight-spreadsheet,1
"Canoeing, Kayaking, Stand-up Paddleboard",gloucestershire-spreadsheet,1
"Canoeing, Sailing & Windsurfing, Swimming",gloucestershire-spreadsheet,1
Capeoira,ourparks,39
Capoeira,getactive-london,31
Capoeira,girls-move-london-spreadsheet,1
Cardio and Strength,getactive-essex-spreadsheet,3
Cardio and Strength,getactive-london,1
Cardio Tennis,ourparks,129
Cardio Tennis Fitness,getactive-london,3
"Cardio Tennis Fitness, Tennis",getactive-hampshire-and-isle-of-wight-spreadsheet,2
"Cardio Tennis Fitness, Tennis, Mini Tennis",getactive-hampshire-and-isle-of-wight-spreadsheet,1
Carpet Bowls,getactive-essex-spreadsheet,70
Castells,opensessions,1
Caving,getactive-essex-spreadsheet,2
Ceroc,getactive-london,1
Chair Based Exercise,getactive-london,29
Chasamba,getactive-london,1
cheerleading,getactive-london,3
cheerleading,opensessions,1
Cheerleading,getactive-essex-spreadsheet,1
Cheerleading,getactive-hampshire-and-isle-of-wight-spreadsheet,6
Cheerleading,getactive-london,46
"Cheerleading, Cheerleading",getactive-essex-spreadsheet,8
Chess,getactive-london,6
Chi Ball,getactive-london,4
Chi Kung Exercise,getactive-london,12
"Chi Kung Exercise, Relaxation",getactive-hampshire-and-isle-of-wight-spreadsheet,1
"Chi Kung Exercise, Tai Chi, Meditation",getactive-essex-spreadsheet,1
Chinese Martial Arts,getactive-essex-spreadsheet,1
Chinese Martial Arts,getactive-london,5
Choi Kwang Do,getactive-hampshire-and-isle-of-wight-spreadsheet,1
circuits,getactive-london,4
Circuits,gladstone-newham,9
Circuit Training,getactive-hampshire-and-isle-of-wight-spreadsheet,2
Circuit Training,getactive-london,140
Circuit Training,opensessions,2
"Circuit Training, Gym, Boxing",getactive-essex-spreadsheet,1
Circuit Training - Outdoors,getactive-london,13
Circus Skills,getactive-london,4
climbing,opensessions,2
Climbing,getactive-essex-spreadsheet,1
Climbing,getactive-hampshire-and-isle-of-wight-spreadsheet,3
Climbing,getactive-london,26
Climbing,girls-move-london-spreadsheet,1
Climbing (Indoor),getactive-hampshire-and-isle-of-wight-spreadsheet,3
Climbing (Indoor),getactive-london,11
"Climbing, Mountaineering",getactive-hampshire-and-isle-of-wight-spreadsheet,1
Clubbercise,getactive-essex-spreadsheet,1
Clubbercise,getactive-london,1
Coach Training,ourparks,9
Community Centre,getactive-london,14
Community gym,getactive-london,7
Conservation Work/Gardening,opensessions,3
Contemporary Caribbean Dance,getactive-london,1
Contemporary Dance,getactive-london,20
Co-ordination,getactive-london,9
"Co-ordination, Pre-School Gymtots & Movement",getactive-essex-spreadsheet,1
Core Strength,getactive-london,57
Creative Dance,getactive-london,21
cricket,getactive-london,2
Cricket,getactive-essex-spreadsheet,109
Cricket,getactive-hampshire-and-isle-of-wight-spreadsheet,81
Cricket,getactive-london,344
Cricket,gloucestershire-spreadsheet,41
Cricket,opensessions,9
"Cricket, Cricket (disability)",getactive-hampshire-and-isle-of-wight-spreadsheet,2
Cricket (disability),getactive-essex-spreadsheet,1
Cricket (disability),getactive-london,1
"Cricket, Football",gloucestershire-spreadsheet,1
Cricket (Indoor),getactive-london,24
"Cricket (Indoor), Disability Sports",getactive-hampshire-and-isle-of-wight-spreadsheet,1
Croquet,getactive-essex-spreadsheet,8
Croquet,getactive-hampshire-and-isle-of-wight-spreadsheet,5
Croquet,getactive-london,13
Cross-Country Running,getactive-london,8
CrossFit,opensessions,1
Cross-Fit,getactive-essex-spreadsheet,11
Cross-Fit,getactive-hampshire-and-isle-of-wight-spreadsheet,3
Cross-Fit,getactive-london,9
"Cross-Fit, Personal Training",getactive-essex-spreadsheet,1
Curling,getactive-london,4
Cycling,british-cycling,42132
Cycling,getactive-essex-spreadsheet,27
Cycling,getactive-hampshire-and-isle-of-wight-spreadsheet,17
Cycling,getactive-london,125
Cycling,girls-move-london-spreadsheet,2
Cycling,gloucestershire-spreadsheet,9
Cycling,opensessions,8
Cycling,ourparks,2
"Cycling, BMX, Archery, Outdoor Pursuits, Climbing",getactive-essex-spreadsheet,1
Cycling (Custom),iwillifyouwill,1
"Cycling, Cycling (Disability)",getactive-essex-spreadsheet,1
"Cycling, Cycling (Disability)",getactive-hampshire-and-isle-of-wight-spreadsheet,1
"Cycling, Cycling (Disability), Disability Cycling",getactive-hampshire-and-isle-of-wight-spreadsheet,1
Cycling (Disability),getactive-essex-spreadsheet,1
Cycling (Disability),getactive-hampshire-and-isle-of-wight-spreadsheet,2
Cycling (Disability),getactive-london,7
"Cycling, Family cycle ride",getactive-hampshire-and-isle-of-wight-spreadsheet,1
"Cycling, Fishing",getactive-essex-spreadsheet,2
"Cycling, Fishing, Football",getactive-essex-spreadsheet,1
"Cycling, Fishing, Orienteering",getactive-essex-spreadsheet,1
Daisy Birthing Active Birthing Movement-Based A...,getactive-london,1
Dance,getactive-essex-spreadsheet,49
Dance,getactive-hampshire-and-isle-of-wight-spreadsheet,19
Dance,getactive-london,388
Dance,girls-move-london-spreadsheet,17
Dance,opensessions,12
"Dance, 50+ Exercise",getactive-essex-spreadsheet,1
Dance and fitness,iwillifyouwill,97
"Dance, Ballet",getactive-essex-spreadsheet,1
"Dance, Ballet",getactive-hampshire-and-isle-of-wight-spreadsheet,1
"Dance, Ballet, Tap Dancing",getactive-hampshire-and-isle-of-wight-spreadsheet,1
"Dance, Cheerleading",getactive-hampshire-and-isle-of-wight-spreadsheet,1
"Dance, Dance",getactive-hampshire-and-isle-of-wight-spreadsheet,1
"Dance, Dance, Ballet, Dance Studio",getactive-essex-spreadsheet,1
"Dance, Dance, Dance, Ballet, Dance Studio",getactive-essex-spreadsheet,1
"Dance, Dance, Dance Studio, Dance Fitness",getactive-essex-spreadsheet,1
"Dance, Dance, Disability Sports",getactive-hampshire-and-isle-of-wight-spreadsheet,1
"Dance, Dance Fitness, Disability Sports",getactive-hampshire-and-isle-of-wight-spreadsheet,1
"Dance, Dance, Historical Dance",getactive-hampshire-and-isle-of-wight-spreadsheet,1
"Dance, Dance, Youth Dance, Kidz Fitness",getactive-hampshire-and-isle-of-wight-spreadsheet,1
Dance Exercise/Zumba,getactive-essex-spreadsheet,1
Dance Exercise/Zumba,getactive-london,15
Dance Fit,ourparks,237
Dance Fit/Full Body Workout,ourparks,1
Dance Fitness,getactive-essex-spreadsheet,3
Dance Fitness,getactive-hampshire-and-isle-of-wight-spreadsheet,1
Dance Fitness,getactive-london,77
"Dance Fitness, Fitness, Fitness, Fitness",getactive-essex-spreadsheet,1
"Dance Fitness, Fitness, Keep Fit",getactive-essex-spreadsheet,1
"Dance, Fitness, Squash, Gym",getactive-essex-spreadsheet,1
"Dance, Indoor Activity",getactive-hampshire-and-isle-of-wight-spreadsheet,1
"Dance, Modern Jive",getactive-hampshire-and-isle-of-wight-spreadsheet,1
Dance movement for health & wellbeing,opensessions,12
"Dance, Rock n Roll Dance",getactive-essex-spreadsheet,1
"Dance, Scottish Dancing",getactive-hampshire-and-isle-of-wight-spreadsheet,1
Dance Sport,opensessions,12
Dance Studio,getactive-london,9
"Dance, Swing Dance",getactive-essex-spreadsheet,1
"Dance, Volleyball",getactive-essex-spreadsheet,1
"Dance, Youth Dance",getactive-hampshire-and-isle-of-wight-spreadsheet,1
Dancing,opensessions,1
Dancing ,opensessions,4
Darts,getactive-essex-spreadsheet,29
Darts,getactive-hampshire-and-isle-of-wight-spreadsheet,1
Darts,getactive-london,11
Dinghy Sailing,getactive-essex-spreadsheet,1
Dinghy Sailing,getactive-london,39
Disability Cycling,getactive-essex-spreadsheet,1
Disability Cycling,getactive-hampshire-and-isle-of-wight-spreadsheet,1
Disability Cycling,getactive-london,1
Disability Football,getactive-essex-spreadsheet,6
Disability Football,getactive-hampshire-and-isle-of-wight-spreadsheet,3
Disability Football,getactive-london,6
Disability Multi Sports,getactive-essex-spreadsheet,11
Disability Multi Sports,getactive-hampshire-and-isle-of-wight-spreadsheet,26
Disability Multi Sports,getactive-london,72
"Disability Multi Sports, Disability Football",getactive-essex-spreadsheet,1
Disability Sailing,getactive-essex-spreadsheet,4
Disability Sailing,getactive-london,2
Disability Sports,getactive-essex-spreadsheet,4
Disability Sports,getactive-london,21
"Disability Sports, Boccia",getactive-hampshire-and-isle-of-wight-spreadsheet,1
"Disability Sports, Disability Multi Sports",getactive-hampshire-and-isle-of-wight-spreadsheet,1
"Disability Sports, Indoor Activity",getactive-essex-spreadsheet,1
Disability Swiming,getactive-essex-spreadsheet,5
Disability Swiming,getactive-london,6
Diving,getactive-essex-spreadsheet,2
Diving,getactive-hampshire-and-isle-of-wight-spreadsheet,1
Diving,getactive-london,17
"Diving, Disability Sports",getactive-hampshire-and-isle-of-wight-spreadsheet,1
"Diving, Scuba Diving",getactive-essex-spreadsheet,1
Dodgeball,getactive-essex-spreadsheet,2
Dodgeball,getactive-london,25
Dodgeball,gloucestershire-spreadsheet,1
Dodgeball,opensessions,1
Dragon Boat Racing,getactive-london,8
Dressage,getactive-london,24
Driving,getactive-essex-spreadsheet,1
Dru Yoga,ourparks,13
Duathlon,getactive-london,2
Education and Training,getactive-london,8
Elite Fitness,ourparks,182
Endurance,getactive-london,24
Equestrian,getactive-essex-spreadsheet,20
Equestrian,getactive-hampshire-and-isle-of-wight-spreadsheet,3
Equestrian,getactive-london,16
"Equestrian, Horse Riding (General)",getactive-essex-spreadsheet,1
"Equestrian, Horse Riding (General)",getactive-hampshire-and-isle-of-wight-spreadsheet,1
"Equestrian, Polocrosse",getactive-hampshire-and-isle-of-wight-spreadsheet,1
Escrima,getactive-london,4
Eventing,getactive-london,5
Exercise,girls-move-london-spreadsheet,6
Exercise and movement to music,opensessions,6
Exercise Movement & Dance,gloucestershire-spreadsheet,11
"Exercise Movement & Dance, Aerobics",gloucestershire-spreadsheet,1
Extreme Sports,getactive-hampshire-and-isle-of-wight-spreadsheet,1
Extreme Sports,getactive-london,6
Family Bootcamp,ourparks,7
Family Fitness,getactive-london,2
Fencing,getactive-essex-spreadsheet,12
Fencing,getactive-hampshire-and-isle-of-wight-spreadsheet,9
Fencing,getactive-london,68
Fencing,gloucestershire-spreadsheet,7
"Fencing, Modern Pentathlon",gloucestershire-spreadsheet,1
Field Hockey,getactive-london,26
Field Hockey,opensessions,12
First Aid,getactive-london,7
First Aid Course,getactive-london,5
Fishing,getactive-essex-spreadsheet,1
Fishing,getactive-london,6
Fitness,getactive-essex-spreadsheet,28
Fitness,getactive-hampshire-and-isle-of-wight-spreadsheet,3
Fitness,getactive-london,1396
Fitness,girls-move-london-spreadsheet,70
Fitness ,opensessions,32
Fitness and dance,opensessions,13
"Fitness, Basketball",getactive-essex-spreadsheet,1
"Fitness, Basketball (Girls), Indoor Activity",getactive-hampshire-and-isle-of-wight-spreadsheet,1
"Fitness, Boot Camp, Personal Training",getactive-essex-spreadsheet,1
Fitness/Circuits,opensessions,8
Fitness Class,opensessions,10
"Fitness, Cycling, Family cycle ride",getactive-hampshire-and-isle-of-wight-spreadsheet,1
"Fitness, Fitness",getactive-essex-spreadsheet,1
"Fitness, Fitness, Indoor Activity",getactive-essex-spreadsheet,1
"Fitness, Fitness, Strength & Conditioning",getactive-essex-spreadsheet,1
"Fitness, Golf, Rugby Union, Football, Gym",getactive-hampshire-and-isle-of-wight-spreadsheet,1
"Fitness, Multi Sports, Multi Sports",getactive-essex-spreadsheet,1
"Fitness, Personal Training",getactive-essex-spreadsheet,1
Fitness Pilates ,opensessions,2
"Fitness, Pilates",getactive-essex-spreadsheet,2
Fitness Studio,getactive-london,14
"Fitness, Tai Chi",getactive-essex-spreadsheet,1
Fitness Tennis,ourparks,16
"Fitness, Yoga, Yoga",getactive-essex-spreadsheet,1
Folk Dance,getactive-london,1
Football,getactive-essex-spreadsheet,246
Football,getactive-hampshire-and-isle-of-wight-spreadsheet,83
Football,getactive-london,1186
Football,girls-move-london-spreadsheet,26
Football,gloucestershire-spreadsheet,35
Football,opensessions,17
Football ,opensessions,1
Football (7 a side) Adults,getactive-hampshire-and-isle-of-wight-spreadsheet,1
Football and Multi Skills ,opensessions,2
Football and Multi Sports ,opensessions,2
"Football, Disability Football",getactive-hampshire-and-isle-of-wight-spreadsheet,1
"Football, Disability Sports, Disability Football",getactive-hampshire-and-isle-of-wight-spreadsheet,3
Football Fit,ourparks,6
"Football, Football (Womens)",getactive-hampshire-and-isle-of-wight-spreadsheet,3
"Football, Gym & Fitness Classes, Climbing",getactive-essex-spreadsheet,1
"Football, Hockey, Tennis, Goalball and Cricket ...",opensessions,1
"Football, Walking Football",getactive-hampshire-and-isle-of-wight-spreadsheet,2
"Football, Walking Football, Walking",getactive-hampshire-and-isle-of-wight-spreadsheet,2
Football (Womens),getactive-essex-spreadsheet,1
Football (Womens),getactive-hampshire-and-isle-of-wight-spreadsheet,1
Football (Womens),getactive-london,29
Football (Youth),getactive-essex-spreadsheet,1
Football (Youth),getactive-hampshire-and-isle-of-wight-spreadsheet,1
Football (Youth),getactive-london,31
for special needs,getactive-london,7
Foundation fitness,getactive-london,1
Freediving,getactive-london,4
FREE Gym Pass..,opensessions,3
Frescoball,getactive-london,1
Frisbee,getactive-essex-spreadsheet,1
Frisbee,getactive-hampshire-and-isle-of-wight-spreadsheet,1
Frisbee,getactive-london,6
Full Body Workout,ourparks,42
Fun & Games,getactive-essex-spreadsheet,38
Fun & Games,getactive-london,12
Fun Run,getactive-london,2
Fuse Burn,gladstone-newham,6
Fuse Force,gladstone-newham,6
Fuse Play,gladstone-newham,6
Fuse Refresh,gladstone-newham,6
Futsal,getactive-essex-spreadsheet,1
Futsal,getactive-hampshire-and-isle-of-wight-spreadsheet,4
Futsal,getactive-london,36
Futsal,opensessions,3
Gaelic Football,getactive-london,16
Games,getactive-london,1
Games and fitness ,opensessions,1
GArdening/Conservation Work,opensessions,1
General fitness ...bootcampy/personal train,opensessions,2
General Riding,getactive-london,19
Gentle activity,opensessions,2
gentle exercise,opensessions,12
Gentle Yoga,opensessions,2
Girls Football,opensessions,1
Gliding,getactive-essex-spreadsheet,3
Gliding,getactive-london,2
Gliding,gloucestershire-spreadsheet,1
Globe Fit,getactive-hampshire-and-isle-of-wight-spreadsheet,1
Goalball,getactive-essex-spreadsheet,1
Goalball,getactive-hampshire-and-isle-of-wight-spreadsheet,3
Goalball,getactive-london,2
Goalball,gloucestershire-spreadsheet,1
Go Karting,getactive-essex-spreadsheet,3
Go Karting,getactive-london,1
Golf,getactive-essex-spreadsheet,62
Golf,getactive-hampshire-and-isle-of-wight-spreadsheet,38
Golf,getactive-london,190
Golf,girls-move-london-spreadsheet,6
Golf,gloucestershire-spreadsheet,11
Golf,opensessions,13
"Golf, Cricket",getactive-hampshire-and-isle-of-wight-spreadsheet,1
"Golf, Footgolf",gloucestershire-spreadsheet,1
"Golf, Gym & Fitness Classes",getactive-essex-spreadsheet,1
"Golf, Swimming, Gym",getactive-essex-spreadsheet,1
"Golf, Swimming, Gym & Fitness Classes",getactive-essex-spreadsheet,1
grappling),girls-move-london-spreadsheet,1
Grass Hockey,getactive-london,1
Green Gym,getactive-london,13
Group Cycling,gladstone-newham,92
Group Fitness,opensessions,11
Group fitness classes & Personal training,getactive-london,15
Group running,getactive-london,15
Gym,getactive-essex-spreadsheet,2
Gym,getactive-hampshire-and-isle-of-wight-spreadsheet,2
Gym,getactive-london,81
Gym,gladstone-newham,82
"Gym, 50+ Exercise",getactive-hampshire-and-isle-of-wight-spreadsheet,2
Gym Facilities,gloucestershire-spreadsheet,3
gym/fitness,getactive-london,3
Gym & Fitness Classes,getactive-essex-spreadsheet,21
Gym & Fitness Classes,getactive-london,38
"Gym & Fitness Classes, Boxing",getactive-essex-spreadsheet,1
Gym/Multiple Activites,getactive-london,11
Gymnastics,getactive-essex-spreadsheet,41
Gymnastics,getactive-hampshire-and-isle-of-wight-spreadsheet,26
Gymnastics,getactive-london,302
Gymnastics,gloucestershire-spreadsheet,2
Gymnastics,ourparks,2
"Gymnastics, Disability Sports",getactive-essex-spreadsheet,1
"Gymnastics, Parkour",getactive-essex-spreadsheet,1
"Gymnastics, Trampolining",getactive-hampshire-and-isle-of-wight-spreadsheet,4
"Gymnastics, Trampolining",gloucestershire-spreadsheet,1
Gym Tots,opensessions,1
Handball,getactive-essex-spreadsheet,3
Handball,getactive-hampshire-and-isle-of-wight-spreadsheet,5
Handball,getactive-london,43
Handball,gloucestershire-spreadsheet,2
Hang Gliding,getactive-london,1
Hapkido,getactive-london,4
haynes park,getactive-london,1
Health and Fitness Exercises,opensessions,1
Health and Nutrition workshop,opensessions,1
Healthy Living and Fitness club for Families,getactive-essex-spreadsheet,1
Healthy Living and Fitness club for Families,getactive-london,5
High5 Netball,getactive-london,3
High Ropes,getactive-london,2
HIIT,ourparks,1
Hill Walking,getactive-essex-spreadsheet,1
Hill Walking,getactive-london,1
Hip Hop,getactive-london,1
Hockey,getactive-essex-spreadsheet,27
Hockey,getactive-hampshire-and-isle-of-wight-spreadsheet,24
Hockey,getactive-london,216
Hockey,girls-move-london-spreadsheet,10
Hockey,gloucestershire-spreadsheet,3
"Hockey, Field Hockey",getactive-essex-spreadsheet,2
"Hockey, Rounders, Tennis, Football, Cricket",getactive-hampshire-and-isle-of-wight-spreadsheet,1
"Hockey, Squash, Tennis, Racketball",gloucestershire-spreadsheet,1
Horseball,getactive-london,1
Horse Driving,getactive-london,8
Horse Riding,opensessions,3
Horse Riding (General),getactive-essex-spreadsheet,2
Horse Riding (General),getactive-london,16
Hula Fitness,ourparks,198
Hula Hoop,getactive-essex-spreadsheet,2
Hula Hoop,getactive-hampshire-and-isle-of-wight-spreadsheet,2
Hula Hoop,getactive-london,2
Hurling,getactive-london,2
Iaido,getactive-london,3
Ice Hockey,getactive-essex-spreadsheet,2
Ice Hockey,getactive-hampshire-and-isle-of-wight-spreadsheet,4
Ice Hockey,getactive-london,9
ice hockey (female),getactive-london,1
Ice Skating,getactive-essex-spreadsheet,1
Ice Skating,getactive-london,11
Indoor Activity,getactive-essex-spreadsheet,2
Indoor Activity,getactive-london,48
indoor climbing,opensessions,2
Indoor Cycling,getactive-london,6
Indoor fitness,iwillifyouwill,211
Insanity,getactive-london,3
Irish Dancing,getactive-london,6
Iyengar Yoga,opensessions,6
Jeet Kune Do,getactive-london,1
Jogging,getactive-essex-spreadsheet,1
Jogging,getactive-hampshire-and-isle-of-wight-spreadsheet,1
Jogging,getactive-london,227
Jogging,girls-move-london-spreadsheet,2
Jogging,opensessions,2
"Jogging, Running",getactive-hampshire-and-isle-of-wight-spreadsheet,5
"Jogging, Running, Walking",getactive-essex-spreadsheet,1
Judo,getactive-essex-spreadsheet,1
Judo,getactive-hampshire-and-isle-of-wight-spreadsheet,17
Judo,getactive-london,115
Judo,gloucestershire-spreadsheet,1
Judo,opensessions,3
"Judo, Judo",getactive-essex-spreadsheet,34
"Judo, Kickboxing, Kick Boxing",getactive-hampshire-and-isle-of-wight-spreadsheet,1
Ju-jitsu,opensessions,2
Ju-Jitsu,getactive-essex-spreadsheet,2
Ju-Jitsu,getactive-hampshire-and-isle-of-wight-spreadsheet,1
Ju-Jitsu,getactive-london,44
"Ju-Jitsu, Ju-Jitsu",getactive-essex-spreadsheet,2
Junior Bootcamp,ourparks,50
Junior Box Fit,ourparks,23
Junior Tennis,ourparks,16
Junior Tennis Coaching,getactive-london,1
Kakaying,getactive-london,3
Kali,getactive-london,1
Kangoo Jumps,getactive-london,1
karate,getactive-london,3
Karate,getactive-essex-spreadsheet,27
Karate,getactive-hampshire-and-isle-of-wight-spreadsheet,14
Karate,getactive-london,196
Karate,opensessions,12
"Karate, Indoor Activity, 50+ Exercise",getactive-essex-spreadsheet,1
"Karate, Kickboxing, Kung-Fu, Kung Fu, Kick Boxing",getactive-essex-spreadsheet,1
Kayaking,getactive-essex-spreadsheet,2
Kayaking,getactive-hampshire-and-isle-of-wight-spreadsheet,1
Kayaking,getactive-london,23
"Kayaking, Sailing & Yachting, Yachting, Rowing",getactive-essex-spreadsheet,1
Keep Fit,getactive-essex-spreadsheet,1
Keep Fit,getactive-hampshire-and-isle-of-wight-spreadsheet,5
Keep Fit,getactive-london,116
"Keep Fit, Buggy Workout, Outdoor Fitness",getactive-hampshire-and-isle-of-wight-spreadsheet,1
"Keep Fit, Martial Arts, Kickboxing",getactive-hampshire-and-isle-of-wight-spreadsheet,1
Kendo (Japanese fencing),getactive-london,1
Kettlebell Training,getactive-london,26
Kickboxing,getactive-hampshire-and-isle-of-wight-spreadsheet,2
Kickboxing,getactive-london,42
Kickboxing,opensessions,5
Kick Boxing,getactive-essex-spreadsheet,1
Kick Boxing,getactive-london,12
"Kickboxing, Kick Boxing",getactive-essex-spreadsheet,1
"Kickboxing, Muay Thai, Kick Boxing",getactive-essex-spreadsheet,1
Kicx4Fun,getactive-london,1
Kids Fit,ourparks,14
Kids Obstacle Activities,getactive-essex-spreadsheet,1
Kids Obstacle Activities,getactive-london,1
Kidz Fitness,getactive-london,5
Kitesurfing,getactive-london,1
Kiting,getactive-essex-spreadsheet,1
Korfball,getactive-hampshire-and-isle-of-wight-spreadsheet,3
Korfball,getactive-london,33
Korfball,gloucestershire-spreadsheet,1
Korfball,opensessions,1
Kung Fu,getactive-london,3
Kung Fu,opensessions,1
Kung-Fu,getactive-london,16
"Kung-Fu, Kung Fu",getactive-essex-spreadsheet,3
Kyudo,getactive-essex-spreadsheet,1
Lacrosse,getactive-essex-spreadsheet,1
Lacrosse,getactive-hampshire-and-isle-of-wight-spreadsheet,2
Lacrosse,getactive-london,12
LADIES ONLY,opensessions,1
Ladies only Kickboxing,getactive-hampshire-and-isle-of-wight-spreadsheet,1
Land Yachting,getactive-london,1
Latin Dance,getactive-london,4
Laughter Yoga,getactive-london,4
Lawn Bowls,getactive-essex-spreadsheet,1
Lawn Bowls,getactive-hampshire-and-isle-of-wight-spreadsheet,1
Lawn Bowls,getactive-london,8
Lawn Bowls,opensessions,3
Lawn Tennis,getactive-london,23
Learn To Ride (Equestrian),getactive-london,35
Legs,getactive-london,20
Leisure Centre,getactive-london,10
Lifeguard/Swimming,getactive-london,1
Life Saving,getactive-essex-spreadsheet,1
Life Saving,getactive-hampshire-and-isle-of-wight-spreadsheet,3
Life Saving,getactive-london,8
Line Dancing,getactive-essex-spreadsheet,1
Line Dancing,getactive-london,15
Live Workout,ourparks,21
Longboarding,getactive-essex-spreadsheet,1
Longboarding,getactive-london,2
Low impact fitness,opensessions,1
Majorettes,getactive-essex-spreadsheet,1
Majorettes,getactive-london,1
Marching Band,getactive-london,1
martial art,opensessions,1
Martial Art/JKD/Kali?DirtyBoxing/Jujitsu,opensessions,1
Martial Arts,getactive-essex-spreadsheet,82
Martial Arts,getactive-hampshire-and-isle-of-wight-spreadsheet,22
Martial Arts,getactive-london,527
Martial Arts,girls-move-london-spreadsheet,3
Martial Arts,gloucestershire-spreadsheet,6
"Martial Arts, Aikido",getactive-hampshire-and-isle-of-wight-spreadsheet,1
"Martial Arts, Aikido, Aiki Jutsu",getactive-essex-spreadsheet,1
Martial arts based Circuits,opensessions,1
"Martial Arts, Hapkido",getactive-hampshire-and-isle-of-wight-spreadsheet,1
"Martial Arts, Judo",getactive-hampshire-and-isle-of-wight-spreadsheet,2
"Martial Arts, Judo, Ju-Jitsu, Ju-Jitsu",getactive-hampshire-and-isle-of-wight-spreadsheet,1
"Martial Arts, Ju-Jitsu",getactive-essex-spreadsheet,2
"Martial Arts, Ju-Jitsu",getactive-hampshire-and-isle-of-wight-spreadsheet,1
"Martial Arts, Karate",getactive-essex-spreadsheet,10
"Martial Arts, Karate, Aqua",getactive-essex-spreadsheet,1
"Martial Arts, Kickboxing",getactive-hampshire-and-isle-of-wight-spreadsheet,1
"Martial Arts, Kickboxing, MMA, Self-defence",gloucestershire-spreadsheet,1
"Martial Arts, Kickboxing, Self Defence",getactive-hampshire-and-isle-of-wight-spreadsheet,1
"Martial Arts, Kung-Fu",getactive-essex-spreadsheet,1
"Martial Arts, Mixed Fighting Arts & Combat",getactive-hampshire-and-isle-of-wight-spreadsheet,1
Masters Swimming,getactive-london,1
Men's Healthy Lifestyle Sessions,getactive-london,1
Military themed fitness and martial arts,getactive-london,3
Mini Tennis,getactive-hampshire-and-isle-of-wight-spreadsheet,1
Mini Tennis,getactive-london,4
Mixed Fighting Arts & Combat,getactive-london,5
Mixed Martial Arts,getactive-london,8
Mixed Martial Arts,opensessions,7
Mixed Martial Arts (MMA),getactive-london,8
Model Flying,getactive-essex-spreadsheet,1
Modern Jive,getactive-hampshire-and-isle-of-wight-spreadsheet,1
Motorcycling,getactive-london,1
Motor Sport,getactive-essex-spreadsheet,1
Motor Sports,getactive-hampshire-and-isle-of-wight-spreadsheet,3
Motor Sports,getactive-london,4
Mountain Biking,getactive-hampshire-and-isle-of-wight-spreadsheet,1
Mountain Biking,getactive-london,3
Mountaineering,getactive-essex-spreadsheet,1
Mountaineering,getactive-london,1
Mounted Games,getactive-london,3
Movement for the disabled,getactive-london,1
Muay Thai,getactive-london,6
Muay Thai,opensessions,2
Multiple Activities,opensessions,10
Multi Skills,getactive-london,9
Multi Skills,opensessions,1
Multisport,getactive-london,8
Multi-sport,getactive-essex-spreadsheet,1
Multi-sport,getactive-london,9
Multi Sports,getactive-essex-spreadsheet,35
Multi Sports,getactive-hampshire-and-isle-of-wight-spreadsheet,9
Multi Sports,getactive-london,226
Multi-Sports,opensessions,2
"Multi Sports, Disability Multi Sports",getactive-hampshire-and-isle-of-wight-spreadsheet,1
"Multi Sports, Multi-sport, Multi Sports",getactive-essex-spreadsheet,1
Musical theatre,getactive-london,1
Natural Movement Fitness,getactive-london,2
Netball,getactive-essex-spreadsheet,45
Netball,getactive-hampshire-and-isle-of-wight-spreadsheet,57
Netball,getactive-london,275
Netball,girls-move-london-spreadsheet,44
Netball,gloucestershire-spreadsheet,7
Netball,opensessions,7
Netball Abs,ourparks,1
"Netball, Netball",getactive-essex-spreadsheet,1
Nordic Skiing,getactive-london,6
Nordic Walking,getactive-essex-spreadsheet,5
Nordic Walking,getactive-hampshire-and-isle-of-wight-spreadsheet,1
Nordic Walking,getactive-london,16
Nordic Walking,gloucestershire-spreadsheet,1
Nordic Walking,opensessions,2
Obstacle Climbing,getactive-london,4
Octopush,getactive-london,2
Older Adults Circuits,getactive-london,1
Olympic Fitness,ourparks,36
One Off Events,iwillifyouwill,25
Orienteering,getactive-essex-spreadsheet,4
Orienteering,getactive-hampshire-and-isle-of-wight-spreadsheet,3
Orienteering,getactive-london,20
"Orienteering, Running",gloucestershire-spreadsheet,1
Other,getactive-essex-spreadsheet,1
Other,getactive-london,5
Our Circuit,ourparks,878
Our Socials,ourparks,3
Outdoor Activities,getactive-essex-spreadsheet,3
Outdoor Activities,getactive-london,23
"Outdoor Activities, Orienteering",getactive-essex-spreadsheet,1
Outdoor and Indoor Volleyball ,opensessions,2
Outdoor fitness,iwillifyouwill,87
Outdoor Fitness,getactive-essex-spreadsheet,13
Outdoor Fitness,getactive-hampshire-and-isle-of-wight-spreadsheet,1
Outdoor Fitness,getactive-london,35
Outdoor Gym ,opensessions,27
Outdoor Pursuits,getactive-london,23
"Outdoor Pursuits, Bouldering, Climbing (Indoor)",getactive-essex-spreadsheet,1
Outdoor Spinning,ourparks,30
Padel Tennis,getactive-london,1
Paintball,getactive-essex-spreadsheet,1
Paratriathlon,getactive-london,1
Parents Fitness,ourparks,7
Parkour,getactive-essex-spreadsheet,5
Parkour,getactive-london,4
Parkour,ourparks,42
Performing Arts,getactive-london,5
Personal Training,getactive-essex-spreadsheet,1
Personal Training,getactive-london,22
"Personal Training, Gym & Fitness Classes",getactive-essex-spreadsheet,1
"Personal Training, Kickboxing, Gym, Boxing",getactive-essex-spreadsheet,1
"Personal Training, Swimming, Gym",getactive-essex-spreadsheet,1
"Personal Training, Swimming, Gym & Fitness Classes",getactive-essex-spreadsheet,5
Petanque,getactive-essex-spreadsheet,8
Petanque,getactive-hampshire-and-isle-of-wight-spreadsheet,6
Petanque,getactive-london,2
Pickleball,opensessions,3
Pilates,getactive-essex-spreadsheet,5
Pilates,getactive-hampshire-and-isle-of-wight-spreadsheet,1
Pilates,getactive-london,426
Pilates,girls-move-london-spreadsheet,9
Pilates,gladstone-newham,8
Pilates,opensessions,6
Pilates,ourparks,221
pilates and relaxation,getactive-london,7
Piloxing,getactive-essex-spreadsheet,1
Piloxing,getactive-london,1
Pitch Hire,getactive-london,5
Polo,getactive-london,2
Polo,gloucestershire-spreadsheet,1
Pool (8 or 9 ball),getactive-london,16
Postnatal,getactive-london,7
Post Natal,getactive-london,1
Powerboating,getactive-london,9
Powerchair football,gloucestershire-spreadsheet,2
Powerlifting,getactive-london,11
Pre Natal Classes,getactive-london,9
Pre-School Gymtots & Movement,getactive-essex-spreadsheet,1
Pre-School Gymtots & Movement,getactive-london,1
QiGong,getactive-london,1
Racketball,getactive-london,13
Racket Sports,getactive-london,65
Raft Building,getactive-london,2
Rambling,getactive-essex-spreadsheet,2
Rambling,getactive-london,5
"Rambling, Walking",getactive-hampshire-and-isle-of-wight-spreadsheet,1
"Rambling, Walking",opensessions,1
Raw Soccer,getactive-london,1
Rebound Therapy,gloucestershire-spreadsheet,1
Relaxation,getactive-london,3
Remedial Yoga,opensessions,1
Riding,getactive-london,6
Riding for the Disabled,getactive-essex-spreadsheet,4
Riding for the Disabled,getactive-london,10
"Riding for the Disabled, Disability Sports",getactive-essex-spreadsheet,1
Road and Cross Country running,gloucestershire-spreadsheet,1
Road Running,getactive-essex-spreadsheet,1
Road Running,getactive-london,14
"Road Running, Athletics Sports Hall, Fitness",getactive-essex-spreadsheet,1
Rock Climbing,getactive-essex-spreadsheet,1
Rock Climbing,getactive-london,1
Roller Derby,getactive-essex-spreadsheet,1
Roller Derby,getactive-london,2
Roller Derby,gloucestershire-spreadsheet,1
Roller Derby,opensessions,1
Roller Discos,getactive-london,2
Roller Hockey,getactive-hampshire-and-isle-of-wight-spreadsheet,6
Roller Skating,getactive-essex-spreadsheet,2
Roller Skating,getactive-london,14
Roller Skating,gloucestershire-spreadsheet,2
Roller Skiing,getactive-london,12
Roller Skiing,opensessions,4
Rollersports,getactive-essex-spreadsheet,1
Rollersports,getactive-london,3
rounders,getactive-london,1
Rounders,getactive-essex-spreadsheet,4
Rounders,getactive-hampshire-and-isle-of-wight-spreadsheet,2
Rounders,getactive-london,16
Rounders,gloucestershire-spreadsheet,2
Rounders,opensessions,1
Rounders,ourparks,44
Rounders (Indoor),getactive-london,5
rowing,getactive-london,2
Rowing,getactive-essex-spreadsheet,6
Rowing,getactive-hampshire-and-isle-of-wight-spreadsheet,9
Rowing,getactive-london,46
Rowing,gloucestershire-spreadsheet,1
Rowing,opensessions,2
"Rowing, Football",getactive-essex-spreadsheet,1
Rugby,getactive-essex-spreadsheet,34
Rugby,getactive-hampshire-and-isle-of-wight-spreadsheet,1
Rugby,getactive-london,114
Rugby,girls-move-london-spreadsheet,3
Rugby,opensessions,2
"Rugby, Football, Cricket, Croquet",getactive-hampshire-and-isle-of-wight-spreadsheet,1
Rugby Football Union,getactive-essex-spreadsheet,8
Rugby Football Union,getactive-london,3
Rugby League,getactive-essex-spreadsheet,1
Rugby League,getactive-hampshire-and-isle-of-wight-spreadsheet,3
Rugby League,getactive-london,28
Rugby League,gloucestershire-spreadsheet,1
"Rugby, Rugby League",getactive-essex-spreadsheet,1
"Rugby, Rugby Union",getactive-essex-spreadsheet,1
"Rugby, Rugby Union, Rugby Union",getactive-essex-spreadsheet,2
"Rugby, Rugby Union, Touch Rugby",getactive-hampshire-and-isle-of-wight-spreadsheet,1
Rugby Sevens,gloucestershire-spreadsheet,1
"Rugby, Touch Rugby",getactive-hampshire-and-isle-of-wight-spreadsheet,1
Rugby Union,getactive-essex-spreadsheet,1
Rugby Union,getactive-hampshire-and-isle-of-wight-spreadsheet,21
Rugby Union,getactive-london,126
Rugby Union,gloucestershire-spreadsheet,5
Rugby Union,opensessions,1
Run Fit,ourparks,110
Running,getactive-essex-spreadsheet,30
Running,getactive-hampshire-and-isle-of-wight-spreadsheet,22
Running,getactive-london,305
Running,girls-move-london-spreadsheet,21
Running,gloucestershire-spreadsheet,4
Running,goodgym,2213
Running,opensessions,18
Running (Custom),iwillifyouwill,1
"Running, Cycling, Outdoor Activities, Climbing",getactive-essex-spreadsheet,1
Running & fitness,opensessions,7
"Running, Fun Run",getactive-hampshire-and-isle-of-wight-spreadsheet,1
"Running, Triathlon, Swimming, Cycling",getactive-hampshire-and-isle-of-wight-spreadsheet,1
"Running, Walking",getactive-hampshire-and-isle-of-wight-spreadsheet,1
Sailing,getactive-london,2
sailing and boating,getactive-london,3
"Sailing, Sailing & Yachting, sailing and boating",getactive-hampshire-and-isle-of-wight-spreadsheet,1
Sailing & Windsurfing,gloucestershire-spreadsheet,2
Sailing & Yachting,getactive-essex-spreadsheet,5
Sailing & Yachting,getactive-hampshire-and-isle-of-wight-spreadsheet,17
Sailing & Yachting,getactive-london,23
"Sailing & Yachting, Disability Sailing",getactive-hampshire-and-isle-of-wight-spreadsheet,1
"Sailing & Yachting, sailing and boating",getactive-essex-spreadsheet,1
"Sailing & Yachting, Sailing & Yachting",getactive-essex-spreadsheet,1
Salsa,getactive-london,6
Salsa,gladstone-newham,2
Salsa Inspired Exercise,getactive-london,3
Samba,getactive-london,2
Sanjuro Martial arts,getactive-london,1
Scottish Dancing,getactive-london,1
Scouts,getactive-london,1
Scuba Diving,getactive-essex-spreadsheet,6
Scuba Diving,getactive-hampshire-and-isle-of-wight-spreadsheet,2
Scuba Diving,getactive-london,29
Self Defence,getactive-essex-spreadsheet,3
Self Defence,getactive-london,24
Self Defence ,opensessions,2
Sensory Sessions with Sport themed activities ,opensessions,1
Shodokan Aikido,opensessions,1
Shooting,getactive-essex-spreadsheet,10
Shooting,getactive-london,5
Shooting,gloucestershire-spreadsheet,3
Shortmat Bowls,getactive-essex-spreadsheet,1
Shortmat Bowls,getactive-hampshire-and-isle-of-wight-spreadsheet,1
Shortmat Bowls,getactive-london,7
Short Mat Bowls,getactive-london,1
Short Mat Bowls,opensessions,2
Short tennis,getactive-london,2
Shotokan Karate,getactive-essex-spreadsheet,1
Showing,getactive-london,8
Showjumping,getactive-london,24
Silver Cheerleading,getactive-london,1
Singing,getactive-london,3
Sitting Volleyball,getactive-hampshire-and-isle-of-wight-spreadsheet,1
Sitting Volleyball,getactive-london,3
Skateboarding,getactive-london,7
"Skateboarding, Skateboarding",getactive-essex-spreadsheet,1
Skating,getactive-essex-spreadsheet,1
Skiing,getactive-hampshire-and-isle-of-wight-spreadsheet,1
Skiing,getactive-london,12
Skiing (Cross- country),getactive-london,5
"Skiing, Disability Sports",getactive-hampshire-and-isle-of-wight-spreadsheet,1
Skip Fit,ourparks,247
Skipping,getactive-london,4
Skittles,getactive-london,2
Small Community Meeting Room,getactive-london,4
snooker,opensessions,1
Snooker,getactive-essex-spreadsheet,7
Snooker,getactive-london,25
Snowboarding,getactive-essex-spreadsheet,1
Snowboarding,getactive-london,3
Snowsport,gloucestershire-spreadsheet,1
Snowsports,getactive-essex-spreadsheet,1
Soccer,getactive-london,1
Social Dance,opensessions,1
Social Netball,ourparks,18
Social Sport,ourparks,36
Softball,getactive-hampshire-and-isle-of-wight-spreadsheet,12
Softball,getactive-london,14
Soft Play,getactive-london,8
Speed Training,getactive-london,11
Speedway,getactive-essex-spreadsheet,1
Spinning,getactive-hampshire-and-isle-of-wight-spreadsheet,1
Spinning,getactive-london,9
Spinning (RPM),getactive-london,22
Sports Acrobatics,getactive-london,1
Sports/Activities,getactive-london,178
Sports - combat,iwillifyouwill,16
Sports Conditioning,getactive-london,24
Sports - racquet,iwillifyouwill,2
Sports - team,iwillifyouwill,10
Squash,getactive-essex-spreadsheet,8
Squash,getactive-hampshire-and-isle-of-wight-spreadsheet,17
Squash,getactive-london,123
Squash,girls-move-london-spreadsheet,1
Squash,opensessions,2
"Squash, Badminton, Gym & Fitness Classes",getactive-essex-spreadsheet,1
"Squash, Gym & Fitness Classes",getactive-essex-spreadsheet,1
"Squash, Squash",getactive-essex-spreadsheet,4
"Squash, Squash, Squash, Squash",getactive-essex-spreadsheet,2
Stand Up Paddleboarding (SUP),getactive-london,5
Step Sculpt,getactive-london,2
Street Ball,getactive-london,1
Street Dance,getactive-london,20
Street Dance for Children Age 3yrs to Adult,getactive-london,3
street dancing,getactive-london,1
Street Effective Martial Arts,opensessions,2
Street Fit,getactive-london,5
Strength and Conditioning,ourparks,17
Strength & Conditioning,getactive-essex-spreadsheet,3
Strength & Conditioning,getactive-london,55
Sub Aqua,getactive-essex-spreadsheet,3
Sub Aqua,getactive-london,2
Superhero Fitness,ourparks,17
Supple Strength,ourparks,7
Surfing,getactive-london,2
Swedercise,getactive-london,1
Swimming,getactive-essex-spreadsheet,26
Swimming,getactive-hampshire-and-isle-of-wight-spreadsheet,23
Swimming,getactive-london,755
Swimming,girls-move-london-spreadsheet,35
Swimming,gladstone-newham,3
Swimming,gloucestershire-spreadsheet,4
Swimming,opensessions,4
"Swimming, Aquathlon, Aqua",getactive-hampshire-and-isle-of-wight-spreadsheet,1
"Swimming, Disability Swiming",getactive-essex-spreadsheet,1
"Swimming, Disability Swiming, Aquatics",getactive-essex-spreadsheet,1
"Swimming, Disability Swiming, Disability Sports",getactive-hampshire-and-isle-of-wight-spreadsheet,1
"Swimming, Disability Swiming, Water Therapy",getactive-essex-spreadsheet,1
"Swimming, Gym",getactive-essex-spreadsheet,1
"Swimming, Gym & Fitness Classes",getactive-essex-spreadsheet,1
Swimming Lessons,getactive-hampshire-and-isle-of-wight-spreadsheet,1
Swimming Lessons,getactive-london,3
"Swimming, Masters Swimming",getactive-hampshire-and-isle-of-wight-spreadsheet,1
Swimming/pool activities,iwillifyouwill,5
"Swimming, Squash, Gym",getactive-essex-spreadsheet,1
"Swimming, Squash, Gym & Fitness Classes",getactive-essex-spreadsheet,2
Swing Dance,getactive-essex-spreadsheet,1
Swiss Ball,getactive-london,2
Synchronised Swimming,getactive-london,3
Table Tennis,getactive-essex-spreadsheet,20
Table Tennis,getactive-hampshire-and-isle-of-wight-spreadsheet,28
Table Tennis,getactive-london,142
Table Tennis,girls-move-london-spreadsheet,2
Table Tennis,gloucestershire-spreadsheet,4
Table Tennis,opensessions,6
"Table Tennis, Kidz Fitness, 50+ Exercise",getactive-essex-spreadsheet,1
tae kwon do,getactive-london,61
Taekwondo,getactive-london,7
Taekwondo,gloucestershire-spreadsheet,4
Taekwondo,opensessions,16
Tae Kwon Do,getactive-hampshire-and-isle-of-wight-spreadsheet,6
Tae Kwon Do,getactive-london,74
Tag Rugby,getactive-london,12
Tag Rugby,ourparks,7
tai chi,getactive-london,2
Tai Chi,getactive-essex-spreadsheet,1
Tai Chi,getactive-london,52
Tai Chi,girls-move-london-spreadsheet,4
Tai Chi,gloucestershire-spreadsheet,1
Tai Chi,opensessions,6
"Tai Chi, Karate, Kickboxing, Kung-Fu, Kick Boxing",getactive-essex-spreadsheet,1
"Tai Chi, Kung-Fu",getactive-essex-spreadsheet,1
Tango,getactive-london,2
Tang Soo Do,getactive-london,1
Tap Dance,getactive-essex-spreadsheet,1
Tap Dance,getactive-london,4
Tap Dancing,getactive-essex-spreadsheet,1
Tap Dancing,getactive-london,2
Target Shooting,getactive-london,1
Tchoukball,getactive-hampshire-and-isle-of-wight-spreadsheet,5
Tchoukball,getactive-london,2
Team Games,getactive-london,3
"Team Games, Netball, Disability Sports",getactive-hampshire-and-isle-of-wight-spreadsheet,1
"Team Games, Rounders",getactive-hampshire-and-isle-of-wight-spreadsheet,1
"Team Games, Volleyball",getactive-hampshire-and-isle-of-wight-spreadsheet,1
tennis,getactive-london,4
Tennis,getactive-essex-spreadsheet,63
Tennis,getactive-hampshire-and-isle-of-wight-spreadsheet,52
Tennis,getactive-london,440
Tennis,girls-move-london-spreadsheet,5
Tennis,gloucestershire-spreadsheet,7
Tennis,opensessions,8
Tennis,ourparks,12
Tennis Fitness,getactive-london,15
"Tennis, Tennis",getactive-essex-spreadsheet,3
Tenpin Bowling,getactive-essex-spreadsheet,1
Ten Pin Bowling,getactive-essex-spreadsheet,1
Ten Pin Bowling,getactive-hampshire-and-isle-of-wight-spreadsheet,2
Ten Pin Bowling,getactive-london,3
Thai-Bo Fitness,getactive-london,1
Tomiki Aikido,opensessions,1
Tone Zone,ourparks,165
Total Stretch,getactive-london,3
Tots Tennis,ourparks,118
Touch Rugby,getactive-london,11
Touch Rugby,gloucestershire-spreadsheet,2
Trampoline,getactive-essex-spreadsheet,2
Trampoline,getactive-london,1
trampolining,getactive-london,2
Trampolining,getactive-essex-spreadsheet,1
Trampolining,getactive-hampshire-and-isle-of-wight-spreadsheet,15
Trampolining,getactive-london,67
Trampolining,gloucestershire-spreadsheet,1
Trampolining,opensessions,5
"Trampolining, Trampoline",getactive-essex-spreadsheet,9
Triathlon,getactive-essex-spreadsheet,1
Triathlon,getactive-hampshire-and-isle-of-wight-spreadsheet,8
Triathlon,getactive-london,54
Triathlon,gloucestershire-spreadsheet,1
"Triathlon, Triathlon",getactive-essex-spreadsheet,5
Tug of War,getactive-london,1
Tumbling,getactive-london,1
Turn Up Tone Up,ourparks,72
Ultimate Frisbee,getactive-hampshire-and-isle-of-wight-spreadsheet,2
Ultimate Frisbee,getactive-london,4
Ultimate Frisbee,gloucestershire-spreadsheet,2
Underwater Rugby,getactive-london,1
Unicycle Hockey,getactive-hampshire-and-isle-of-wight-spreadsheet,2
Unicycle Hockey,getactive-london,1
Various sports,opensessions,1
Volleyball,getactive-essex-spreadsheet,1
Volleyball,getactive-hampshire-and-isle-of-wight-spreadsheet,13
Volleyball,getactive-london,76
Volleyball,girls-move-london-spreadsheet,2
Volleyball,opensessions,9
"Volleyball, Volleyball",getactive-essex-spreadsheet,7
"Volleyball, Volleyball",getactive-hampshire-and-isle-of-wight-spreadsheet,2
Volley Fit,ourparks,6
Volunteering,goodgym,2213
walking,getactive-london,4
Walking,getactive-essex-spreadsheet,7
Walking,getactive-hampshire-and-isle-of-wight-spreadsheet,3
Walking,getactive-london,121
Walking,girls-move-london-spreadsheet,3
Walking,opensessions,20
Walking Basketball,opensessions,1
Walking (Custom),iwillifyouwill,1
Walking Football,getactive-essex-spreadsheet,15
Walking Football,getactive-hampshire-and-isle-of-wight-spreadsheet,1
Walking Football,getactive-london,1
Walking Football,opensessions,5
Walking football and super vets fooball,gloucestershire-spreadsheet,1
Walking for Health,getactive-london,8
Walking Netball,getactive-london,1
Walking (Race Walking),getactive-hampshire-and-isle-of-wight-spreadsheet,1
Walking (Race Walking),getactive-london,2
Walks and jogs,iwillifyouwill,17
Water Polo,getactive-hampshire-and-isle-of-wight-spreadsheet,2
Water Polo,getactive-london,13
Water Polo,girls-move-london-spreadsheet,3
"Water Polo, Disability Sports",getactive-essex-spreadsheet,1
Water Skiing,getactive-hampshire-and-isle-of-wight-spreadsheet,2
Water Skiing,getactive-london,2
Water Skiing & Wakeboarding,getactive-london,1
Watersports,getactive-essex-spreadsheet,2
Watersports,getactive-london,32
Weightlifting,getactive-essex-spreadsheet,8
Weightlifting,getactive-hampshire-and-isle-of-wight-spreadsheet,3
Weightlifting,getactive-london,22
Weight Lifting,gloucestershire-spreadsheet,2
"Weightlifting, Gym",getactive-essex-spreadsheet,2
Western / Reining,getactive-london,1
Wheelchair Badminton,getactive-london,2
Wheelchair Basketball,getactive-essex-spreadsheet,2
Wheelchair Basketball,getactive-hampshire-and-isle-of-wight-spreadsheet,2
Wheelchair Basketball,getactive-london,10
Wheelchair Basketball,gloucestershire-spreadsheet,1
Wheelchair Basketball,opensessions,1
Wheelchair Dance,getactive-essex-spreadsheet,1
Wheelchair Racing,getactive-hampshire-and-isle-of-wight-spreadsheet,1
Wheelchair Racing,getactive-london,2
Wheelchair Rugby,getactive-hampshire-and-isle-of-wight-spreadsheet,1
Wheelchair Rugby,getactive-london,6
Wheelchair Rugby,gloucestershire-spreadsheet,2
Wheelchair Tennis,getactive-london,1
WillPower & Grace,getactive-london,1
Windsurfing,getactive-hampshire-and-isle-of-wight-spreadsheet,1
Windsurfing,getactive-london,8
Wing Chun,getactive-london,2
Winter Sports,getactive-london,8
Wobble Boarding,getactive-london,1
Women's Fitness and Self Defence,getactive-london,2
Work Out Like A Dog,ourparks,1
wqdwd,opensessions,1
Wrestling,getactive-essex-spreadsheet,1
Wrestling,getactive-london,17
Yachting,getactive-london,4
yoga,getactive-london,14
Yoga,getactive-essex-spreadsheet,2
Yoga,getactive-hampshire-and-isle-of-wight-spreadsheet,3
Yoga,getactive-london,212
Yoga,girls-move-london-spreadsheet,11
Yoga,gladstone-newham,16
Yoga,gloucestershire-spreadsheet,2
Yoga,opensessions,20
Yoga,ourparks,811
Yoga ,opensessions,1
"Yoga and Mindfulness, Martial Arts, Qigong",gloucestershire-spreadsheet,1
Yoga and Pilates Fusion,opensessions,2
Yoga Dance,ourparks,6
Yoga (Iyengar),getactive-london,8
Yoga (Pregnancy),getactive-london,4
Yoga (Teens),getactive-london,4
"Yoga, Yoga",getactive-essex-spreadsheet,7
"Yoga, Yoga, Yoga (Iyengar)",getactive-essex-spreadsheet,3
Youth Club,getactive-london,1
Zumba,getactive-essex-spreadsheet,4
Zumba,getactive-london,100
Zumba,girls-move-london-spreadsheet,12
Zumba,gladstone-newham,18
Zumba,opensessions,6
zumba gold,getactive-london,1
Zumba Gold,getactive-london,1
Zumba Gold,opensessions,1
"Zumba, Gym, Boxercise",getactive-essex-spreadsheet,1
